{
  "wall_s": 26.572727464008494,
  "total_tokens": 3200,
  "aggregate_tok_per_s": 120.42422082318231,
  "per_port": {
    "8767": {
      "toks": 1600,
      "dt_max": 25.95278904600127,
      "port_tok_per_s": 61.650406712126504
    },
    "8766": {
      "toks": 1600,
      "dt_max": 26.549269727998762,
      "port_tok_per_s": 60.26531111372325
    }
  },
  "passed": true
}