{
  "n_queries": 20,
  "n_chunks_per_query": 50,
  "latency_ms": {
    "p50": 792.8238624954247,
    "p95": 970.860782006639,
    "mean": 821.8185619494761,
    "min": 754.2530589998933,
    "max": 970.860782006639
  },
  "passed": false,
  "target_ms": 500
}